{"cameraMode":{"drawMode":0,"name":"Shaded","section":"Shading Mode"},"sceneLighting":false,"audioPlay":false,"sceneViewState":{"m_AlwaysRefresh":false,"showFog":true,"showSkybox":true,"showFlares":true,"showImageEffects":true,"showParticleSystems":true,"showVisualEffectGraphs":true,"m_FxEnabled":true},"in2DMode":false,"pivot":{"x":-2.8012900352478029,"y":-0.14820343255996705,"z":68.68949890136719},"rotation":{"x":0.026049576699733735,"y":-0.9638205766677856,"z":0.09212036430835724,"w":0.25118231773376467},"size":1.4404946565628052,"orthographic":false}