{"cameraMode":{"drawMode":0,"name":"Shaded","section":"Shading Mode"},"sceneLighting":false,"audioPlay":false,"sceneViewState":{"m_AlwaysRefresh":false,"showFog":true,"showSkybox":true,"showFlares":true,"showImageEffects":true,"showParticleSystems":true,"showVisualEffectGraphs":true,"m_FxEnabled":true},"in2DMode":false,"pivot":{"x":-0.9180365800857544,"y":1.6300989389419556,"z":63.45232009887695},"rotation":{"x":-0.0008504816214554012,"y":-0.9957358837127686,"z":0.029867252334952356,"w":-0.0941234901547432},"size":0.8660253882408142,"orthographic":false}