{"cameraMode":{"drawMode":0,"name":"Shaded","section":"Shading Mode"},"sceneLighting":false,"audioPlay":false,"sceneViewState":{"m_AlwaysRefresh":false,"showFog":true,"showSkybox":true,"showFlares":true,"showImageEffects":true,"showParticleSystems":true,"showVisualEffectGraphs":true,"m_FxEnabled":true},"in2DMode":false,"pivot":{"x":-4.2948527336120609,"y":1.4756102561950684,"z":75.18692779541016},"rotation":{"x":-0.032026469707489017,"y":0.7972235679626465,"z":-0.03873971477150917,"w":-0.6028047800064087},"size":0.44688594341278078,"orthographic":false}