{"cameraMode":{"drawMode":0,"name":"Shaded","section":"Shading Mode"},"sceneLighting":false,"audioPlay":false,"sceneViewState":{"m_AlwaysRefresh":false,"showFog":true,"showSkybox":true,"showFlares":true,"showImageEffects":true,"showParticleSystems":true,"showVisualEffectGraphs":true,"m_FxEnabled":true},"in2DMode":false,"pivot":{"x":-14.228796005249024,"y":9.078106880187989,"z":66.75605773925781},"rotation":{"x":-0.003990956116467714,"y":0.9940333366394043,"z":-0.11448444426059723,"w":-0.01567206345498562},"size":0.6641149520874023,"orthographic":false}