{"cameraMode":{"drawMode":0,"name":"Shaded","section":"Shading Mode"},"sceneLighting":false,"audioPlay":false,"sceneViewState":{"m_AlwaysRefresh":false,"showFog":true,"showSkybox":true,"showFlares":true,"showImageEffects":true,"showParticleSystems":true,"showVisualEffectGraphs":true,"m_FxEnabled":true},"in2DMode":false,"pivot":{"x":268.8004455566406,"y":139.6804656982422,"z":-1.3039779663085938},"rotation":{"x":0.10688436776399613,"y":0.041369616985321048,"z":-0.006789674516767263,"w":0.9941308498382568},"size":58.3841552734375,"orthographic":false}