{"cameraMode":{"drawMode":0,"name":"Shaded","section":"Shading Mode"},"sceneLighting":false,"audioPlay":false,"sceneViewState":{"m_AlwaysRefresh":false,"showFog":true,"showSkybox":true,"showFlares":true,"showImageEffects":true,"showParticleSystems":true,"showVisualEffectGraphs":true,"m_FxEnabled":true},"in2DMode":false,"pivot":{"x":-4.819159507751465,"y":1.0791085958480836,"z":72.15036010742188},"rotation":{"x":-0.006955546326935291,"y":0.9547131061553955,"z":-0.017428135499358178,"w":-0.2992253005504608},"size":2.1581990718841554,"orthographic":false}