{"cameraMode":{"drawMode":0,"name":"Shaded","section":"Shading Mode"},"sceneLighting":false,"audioPlay":false,"sceneViewState":{"m_AlwaysRefresh":false,"showFog":true,"showSkybox":false,"showFlares":true,"showImageEffects":true,"showParticleSystems":true,"showVisualEffectGraphs":true,"m_FxEnabled":true},"in2DMode":false,"pivot":{"x":-0.14536616206169129,"y":2.1967108249664308,"z":43.84770584106445},"rotation":{"x":-0.08400826156139374,"y":-0.6650569438934326,"z":0.07538308948278427,"w":-0.7383531928062439},"size":0.5022329092025757,"orthographic":false}