{"cameraMode":{"drawMode":0,"name":"Shaded","section":"Shading Mode"},"sceneLighting":true,"audioPlay":false,"sceneViewState":{"m_AlwaysRefresh":false,"showFog":true,"showSkybox":true,"showFlares":true,"showImageEffects":true,"showParticleSystems":true,"showVisualEffectGraphs":true,"m_FxEnabled":true},"in2DMode":false,"pivot":{"x":-14.779999732971192,"y":1.0833333730697632,"z":0.36426547169685366},"rotation":{"x":0.2644460201263428,"y":-0.04432855173945427,"z":0.012212603352963925,"w":0.9633469581604004},"size":1.2124354839324952,"orthographic":true}