{"cameraMode":{"drawMode":0,"name":"Shaded","section":"Shading Mode"},"sceneLighting":false,"audioPlay":false,"sceneViewState":{"m_AlwaysRefresh":false,"showFog":true,"showSkybox":false,"showFlares":true,"showImageEffects":true,"showParticleSystems":true,"showVisualEffectGraphs":true,"m_FxEnabled":true},"in2DMode":false,"pivot":{"x":-1.0150806903839112,"y":0.14476098120212556,"z":0.8524722456932068},"rotation":{"x":-0.028570743277668954,"y":-0.8674818277359009,"z":0.05359320342540741,"w":-0.49521714448928835},"size":0.1472243219614029,"orthographic":false}