{"cameraMode":{"drawMode":0,"name":"Shaded","section":"Shading Mode"},"sceneLighting":false,"audioPlay":false,"sceneViewState":{"m_AlwaysRefresh":false,"showFog":true,"showSkybox":false,"showFlares":true,"showImageEffects":true,"showParticleSystems":true,"showVisualEffectGraphs":true,"m_FxEnabled":true},"in2DMode":false,"pivot":{"x":1.1564984321594239,"y":0.048027366399765018,"z":0.2745665907859802},"rotation":{"x":0.0013504171511158348,"y":0.5380368232727051,"z":-0.0033411579206585886,"w":0.8433417081832886},"size":1.1481012105941773,"orthographic":false}