{"cameraMode":{"drawMode":0,"name":"Shaded","section":"Shading Mode"},"sceneLighting":false,"audioPlay":false,"sceneViewState":{"m_AlwaysRefresh":false,"showFog":true,"showSkybox":false,"showFlares":true,"showImageEffects":true,"showParticleSystems":true,"showVisualEffectGraphs":true,"m_FxEnabled":true},"in2DMode":false,"pivot":{"x":-0.19278675317764283,"y":0.1564568281173706,"z":0.09348241984844208},"rotation":{"x":0.12654976546764375,"y":0.46528011560440066,"z":-0.06522362679243088,"w":0.8739753365516663},"size":0.8051143884658814,"orthographic":false}