{"cameraMode":{"drawMode":0,"name":"Shaded","section":"Shading Mode"},"sceneLighting":true,"audioPlay":false,"sceneViewState":{"m_AlwaysRefresh":false,"showFog":true,"showSkybox":true,"showFlares":true,"showImageEffects":true,"showParticleSystems":true,"showVisualEffectGraphs":true,"m_FxEnabled":true},"in2DMode":false,"pivot":{"x":-1.9761542081832886,"y":-0.9960356950759888,"z":0.9840571284294128},"rotation":{"x":-0.11589400470256806,"y":-0.4602598547935486,"z":0.0605086125433445,"w":-0.8782243728637695},"size":0.15698732435703278,"orthographic":false}