{"cameraMode":{"drawMode":0,"name":"Shaded","section":"Shading Mode"},"sceneLighting":false,"audioPlay":false,"sceneViewState":{"m_AlwaysRefresh":false,"showFog":true,"showSkybox":false,"showFlares":true,"showImageEffects":true,"showParticleSystems":true,"showVisualEffectGraphs":true,"m_FxEnabled":true},"in2DMode":false,"pivot":{"x":2.9802322387695315e-8,"y":0.24070994555950166,"z":5.960464477539063e-8},"rotation":{"x":0.02147793583571911,"y":-0.8652809262275696,"z":0.5008535981178284,"w":0.03242866322398186},"size":0.5022318363189697,"orthographic":false}