{"cameraMode":{"drawMode":0,"name":"Shaded","section":"Shading Mode"},"sceneLighting":true,"audioPlay":false,"sceneViewState":{"m_AlwaysRefresh":false,"showFog":true,"showSkybox":true,"showFlares":true,"showImageEffects":true,"showParticleSystems":true,"showVisualEffectGraphs":true,"m_FxEnabled":true},"in2DMode":false,"pivot":{"x":-0.7030245065689087,"y":-2.3572287559509279,"z":2.7929396629333498},"rotation":{"x":-0.05023541301488876,"y":0.5351249575614929,"z":-0.03177901729941368,"w":-0.8428096175193787},"size":0.5843915343284607,"orthographic":false}