{"cameraMode":{"drawMode":0,"name":"Shaded","section":"Shading Mode"},"sceneLighting":true,"audioPlay":false,"sceneViewState":{"m_AlwaysRefresh":false,"showFog":true,"showSkybox":true,"showFlares":true,"showImageEffects":true,"showParticleSystems":true,"showVisualEffectGraphs":true,"m_FxEnabled":true},"in2DMode":false,"pivot":{"x":4.831007480621338,"y":5.16733980178833,"z":11.120851516723633},"rotation":{"x":-0.0028221302200108768,"y":-0.9416691064834595,"z":-0.007901793345808983,"w":0.33648738265037539},"size":13.919571876525879,"orthographic":false}