{"cameraMode":{"drawMode":0,"name":"Shaded","section":"Shading Mode"},"sceneLighting":true,"audioPlay":false,"sceneViewState":{"m_AlwaysRefresh":false,"showFog":true,"showSkybox":true,"showFlares":true,"showImageEffects":true,"showParticleSystems":true,"showVisualEffectGraphs":true,"m_FxEnabled":true},"in2DMode":false,"pivot":{"x":-0.1822642683982849,"y":-0.36667704582214358,"z":12.984834671020508},"rotation":{"x":-0.04979243874549866,"y":-0.8861952424049377,"z":0.4502672553062439,"w":-0.09796591848134995},"size":1.4138473272323609,"orthographic":false}