{"cameraMode":{"drawMode":0,"name":"Shaded","section":"Shading Mode"},"sceneLighting":false,"audioPlay":false,"sceneViewState":{"m_AlwaysRefresh":false,"showFog":true,"showSkybox":true,"showFlares":true,"showImageEffects":true,"showParticleSystems":true,"showVisualEffectGraphs":true,"m_FxEnabled":true},"in2DMode":false,"pivot":{"x":206.6999969482422,"y":0.36350303888320925,"z":0.5073822736740112},"rotation":{"x":0.169490784406662,"y":-0.6515827775001526,"z":0.1522326022386551,"w":0.7237711548805237},"size":0.43344151973724368,"orthographic":false}