{"cameraMode":{"drawMode":0,"name":"Shaded","section":"Shading Mode"},"sceneLighting":false,"audioPlay":false,"sceneViewState":{"m_AlwaysRefresh":false,"showFog":true,"showSkybox":false,"showFlares":true,"showImageEffects":true,"showParticleSystems":true,"showVisualEffectGraphs":true,"m_FxEnabled":true},"in2DMode":false,"pivot":{"x":6.257471084594727,"y":0.7275736927986145,"z":8.250826835632325},"rotation":{"x":0.04525120556354523,"y":0.04546196386218071,"z":-0.002013321267440915,"w":0.9979726672172546},"size":3.9457287788391115,"orthographic":false}