{"cameraMode":{"drawMode":0,"name":"Shaded","section":"Shading Mode"},"sceneLighting":false,"audioPlay":false,"sceneViewState":{"m_AlwaysRefresh":false,"showFog":true,"showSkybox":false,"showFlares":true,"showImageEffects":true,"showParticleSystems":true,"showVisualEffectGraphs":true,"m_FxEnabled":true},"in2DMode":false,"pivot":{"x":0.18911433219909669,"y":1.2918493747711182,"z":0.12506377696990968},"rotation":{"x":0.010438157245516777,"y":0.9831777215003967,"z":-0.05996781215071678,"w":0.17286120355129243},"size":1.843879222869873,"orthographic":false}