{"cameraMode":{"drawMode":0,"name":"Shaded","section":"Shading Mode"},"sceneLighting":true,"audioPlay":false,"sceneViewState":{"m_AlwaysRefresh":false,"showFog":true,"showSkybox":true,"showFlares":true,"showImageEffects":true,"showParticleSystems":true,"showVisualEffectGraphs":true,"m_FxEnabled":true},"in2DMode":false,"pivot":{"x":2.561676025390625,"y":-2.3233630657196047,"z":0.6183910369873047},"rotation":{"x":0.21238601207733155,"y":0.4723333716392517,"z":-0.11869923025369644,"w":0.8474568128585815},"size":6.346275329589844,"orthographic":false}